wl,flux
3000.000000000000,0.718262
3001.000000000000,0.577588
3002.000000000000,0.524050
3003.000000000000,0.549000
3004.000000000000,0.653194
3005.000000000000,0.736532
3006.000000000000,0.707919
3007.000000000000,0.622863
3008.000000000000,0.586100
3009.000000000000,0.634988
3010.000000000000,0.724595
3011.000000000000,0.760599
3012.000000000000,0.735647
3013.000000000000,0.737894
3014.000000000000,0.745762
3015.000000000000,0.732014
3016.000000000000,0.709182
3017.000000000000,0.656378
3018.000000000000,0.586298
3019.000000000000,0.498954
3020.000000000000,0.391833
3021.000000000000,0.391879
3022.000000000000,0.568801
3023.000000000000,0.719491
3024.000000000000,0.711645
3025.000000000000,0.632630
3026.000000000000,0.622160
3027.000000000000,0.734081
3028.000000000000,0.829926
3029.000000000000,0.820561
3030.000000000000,0.763315
3031.000000000000,0.732289
3032.000000000000,0.764248
3033.000000000000,0.821482
3034.000000000000,0.846364
3035.000000000000,0.847967
3036.000000000000,0.783775
3037.000000000000,0.655623
3038.000000000000,0.629686
3039.000000000000,0.711870
3040.000000000000,0.737911
3041.000000000000,0.702580
3042.000000000000,0.691859
3043.000000000000,0.737405
3044.000000000000,0.785415
3045.000000000000,0.802555
3046.000000000000,0.766431
3047.000000000000,0.676140
3048.000000000000,0.663122
3049.000000000000,0.734315
3050.000000000000,0.752962
3051.000000000000,0.756155
3052.000000000000,0.790986
3053.000000000000,0.778627
3054.000000000000,0.748433
3055.000000000000,0.760335
3056.000000000000,0.740839
3057.000000000000,0.635397
3058.000000000000,0.550346
3059.000000000000,0.573743
3060.000000000000,0.683818
3061.000000000000,0.789740
3062.000000000000,0.823650
3063.000000000000,0.776736
3064.000000000000,0.700138
3065.000000000000,0.657606
3066.000000000000,0.602060
3067.000000000000,0.552616
3068.000000000000,0.597913
3069.000000000000,0.692624
3070.000000000000,0.745407
3071.000000000000,0.746501
3072.000000000000,0.721347
3073.000000000000,0.724971
3074.000000000000,0.735740
3075.000000000000,0.698402
3076.000000000000,0.706071
3077.000000000000,0.748828
3078.000000000000,0.731499
3079.000000000000,0.717476
3080.000000000000,0.729279
3081.000000000000,0.713575
3082.000000000000,0.689014
3083.000000000000,0.700371
3084.000000000000,0.751258
3085.000000000000,0.798800
3086.000000000000,0.771221
3087.000000000000,0.684935
3088.000000000000,0.632115
3089.000000000000,0.617007
3090.000000000000,0.570468
3091.000000000000,0.503319
3092.000000000000,0.455163
3093.000000000000,0.457582
3094.000000000000,0.537170
3095.000000000000,0.591043
3096.000000000000,0.539295
3097.000000000000,0.497260
3098.000000000000,0.541011
3099.000000000000,0.538504
3100.000000000000,0.467851
3101.000000000000,0.450873
3102.000000000000,0.535661
3103.000000000000,0.674638
3104.000000000000,0.757625
3105.000000000000,0.754137
3106.000000000000,0.743637
3107.000000000000,0.785163
3108.000000000000,0.841048
3109.000000000000,0.842219
3110.000000000000,0.792169
3111.000000000000,0.767403
3112.000000000000,0.783620
3113.000000000000,0.791008
3114.000000000000,0.781496
3115.000000000000,0.798539
3116.000000000000,0.790457
3117.000000000000,0.725924
3118.000000000000,0.682978
3119.000000000000,0.665587
3120.000000000000,0.652575
3121.000000000000,0.649310
3122.000000000000,0.657675
3123.000000000000,0.700869
3124.000000000000,0.724935
3125.000000000000,0.693170
3126.000000000000,0.681861
3127.000000000000,0.701876
3128.000000000000,0.701570
3129.000000000000,0.696173
3130.000000000000,0.698731
3131.000000000000,0.709822
3132.000000000000,0.711019
3133.000000000000,0.684712
3134.000000000000,0.669650
3135.000000000000,0.699163
3136.000000000000,0.723422
3137.000000000000,0.744966
3138.000000000000,0.780775
3139.000000000000,0.795110
3140.000000000000,0.800253
3141.000000000000,0.799182
3142.000000000000,0.731607
3143.000000000000,0.556776
3144.000000000000,0.417961
3145.000000000000,0.468598
3146.000000000000,0.584313
3147.000000000000,0.630419
3148.000000000000,0.676833
3149.000000000000,0.749823
3150.000000000000,0.784122
3151.000000000000,0.781771
3152.000000000000,0.757854
3153.000000000000,0.749169
3154.000000000000,0.751898
3155.000000000000,0.724279
3156.000000000000,0.639546
3157.000000000000,0.517930
3158.000000000000,0.450423
3159.000000000000,0.473118
3160.000000000000,0.520541
3161.000000000000,0.532843
3162.000000000000,0.560810
3163.000000000000,0.626372
3164.000000000000,0.662957
3165.000000000000,0.665700
3166.000000000000,0.667014
3167.000000000000,0.666523
3168.000000000000,0.638200
3169.000000000000,0.626817
3170.000000000000,0.698734
3171.000000000000,0.787217
3172.000000000000,0.820219
3173.000000000000,0.804762
3174.000000000000,0.770775
3175.000000000000,0.765415
3176.000000000000,0.796240
3177.000000000000,0.787460
3178.000000000000,0.715234
3179.000000000000,0.620723
3180.000000000000,0.562192
3181.000000000000,0.558651
3182.000000000000,0.578325
3183.000000000000,0.604208
3184.000000000000,0.623331
3185.000000000000,0.640033
3186.000000000000,0.668479
3187.000000000000,0.691782
3188.000000000000,0.705302
3189.000000000000,0.723702
3190.000000000000,0.698326
3191.000000000000,0.616595
3192.000000000000,0.556813
3193.000000000000,0.571167
3194.000000000000,0.637091
3195.000000000000,0.676980
3196.000000000000,0.680455
3197.000000000000,0.692169
3198.000000000000,0.744410
3199.000000000000,0.755163
3200.000000000000,0.709109
3201.000000000000,0.713421
3202.000000000000,0.742186
3203.000000000000,0.757359
3204.000000000000,0.779468
3205.000000000000,0.795713
3206.000000000000,0.808252
3207.000000000000,0.804087
3208.000000000000,0.770961
3209.000000000000,0.730181
3210.000000000000,0.678801
3211.000000000000,0.631655
3212.000000000000,0.613444
3213.000000000000,0.598749
3214.000000000000,0.605335
3215.000000000000,0.666681
3216.000000000000,0.698967
3217.000000000000,0.689843
3218.000000000000,0.711600
3219.000000000000,0.738690
3220.000000000000,0.746463
3221.000000000000,0.731566
3222.000000000000,0.694637
3223.000000000000,0.704374
3224.000000000000,0.729168
3225.000000000000,0.702048
3226.000000000000,0.668747
3227.000000000000,0.648222
3228.000000000000,0.617641
3229.000000000000,0.605482
3230.000000000000,0.638903
3231.000000000000,0.696765
3232.000000000000,0.725299
3233.000000000000,0.688333
3234.000000000000,0.623991
3235.000000000000,0.606522
3236.000000000000,0.625416
3237.000000000000,0.674003
3238.000000000000,0.707549
3239.000000000000,0.686331
3240.000000000000,0.714392
3241.000000000000,0.753883
3242.000000000000,0.740850
3243.000000000000,0.732547
3244.000000000000,0.759481
3245.000000000000,0.809054
3246.000000000000,0.808501
3247.000000000000,0.737095
3248.000000000000,0.690701
3249.000000000000,0.727299
3250.000000000000,0.786118
3251.000000000000,0.800261
3252.000000000000,0.774549
3253.000000000000,0.745864
3254.000000000000,0.752478
3255.000000000000,0.804363
3256.000000000000,0.852211
3257.000000000000,0.869268
3258.000000000000,0.877599
3259.000000000000,0.879768
3260.000000000000,0.870187
3261.000000000000,0.863854
3262.000000000000,0.876608
3263.000000000000,0.877008
3264.000000000000,0.836590
3265.000000000000,0.813026
3266.000000000000,0.842944
3267.000000000000,0.880161
3268.000000000000,0.895189
3269.000000000000,0.892775
3270.000000000000,0.859745
3271.000000000000,0.807833
3272.000000000000,0.803831
3273.000000000000,0.834253
3274.000000000000,0.841960
3275.000000000000,0.839413
3276.000000000000,0.820188
3277.000000000000,0.804862
3278.000000000000,0.808877
3279.000000000000,0.814437
3280.000000000000,0.835804
3281.000000000000,0.854166
3282.000000000000,0.845872
3283.000000000000,0.845185
3284.000000000000,0.863986
3285.000000000000,0.865056
3286.000000000000,0.832054
3287.000000000000,0.796677
3288.000000000000,0.803797
3289.000000000000,0.846917
3290.000000000000,0.884196
3291.000000000000,0.882114
3292.000000000000,0.875139
3293.000000000000,0.900837
3294.000000000000,0.930941
3295.000000000000,0.927745
3296.000000000000,0.914971
3297.000000000000,0.918310
3298.000000000000,0.922540
3299.000000000000,0.927069
3300.000000000000,0.934306
3301.000000000000,0.915299
3302.000000000000,0.869495
3303.000000000000,0.854199
3304.000000000000,0.869967
3305.000000000000,0.843685
3306.000000000000,0.790499
3307.000000000000,0.798418
3308.000000000000,0.842155
3309.000000000000,0.866663
3310.000000000000,0.877223
3311.000000000000,0.884936
3312.000000000000,0.884959
3313.000000000000,0.870990
3314.000000000000,0.842172
3315.000000000000,0.820260
3316.000000000000,0.837145
3317.000000000000,0.863849
3318.000000000000,0.874424
3319.000000000000,0.878214
3320.000000000000,0.869146
3321.000000000000,0.841014
3322.000000000000,0.783295
3323.000000000000,0.749871
3324.000000000000,0.793583
3325.000000000000,0.854571
3326.000000000000,0.867446
3327.000000000000,0.851807
3328.000000000000,0.832002
3329.000000000000,0.789379
3330.000000000000,0.779035
3331.000000000000,0.801278
3332.000000000000,0.802047
3333.000000000000,0.823131
3334.000000000000,0.832528
3335.000000000000,0.782654
3336.000000000000,0.723973
3337.000000000000,0.737694
3338.000000000000,0.811389
3339.000000000000,0.838205
3340.000000000000,0.806973
3341.000000000000,0.783159
3342.000000000000,0.789629
3343.000000000000,0.832971
3344.000000000000,0.873383
3345.000000000000,0.887796
3346.000000000000,0.877619
3347.000000000000,0.833388
3348.000000000000,0.741400
3349.000000000000,0.653229
3350.000000000000,0.701772
3351.000000000000,0.821925
3352.000000000000,0.877384
3353.000000000000,0.873665
3354.000000000000,0.859529
3355.000000000000,0.871925
3356.000000000000,0.889977
3357.000000000000,0.878456
3358.000000000000,0.814865
3359.000000000000,0.700303
3360.000000000000,0.585980
3361.000000000000,0.549983
3362.000000000000,0.645771
3363.000000000000,0.788652
3364.000000000000,0.864433
3365.000000000000,0.864146
3366.000000000000,0.828211
3367.000000000000,0.805104
3368.000000000000,0.782036
3369.000000000000,0.736342
3370.000000000000,0.704940
3371.000000000000,0.681789
3372.000000000000,0.646323
3373.000000000000,0.668835
3374.000000000000,0.754910
3375.000000000000,0.841124
3376.000000000000,0.890772
3377.000000000000,0.883667
3378.000000000000,0.833238
3379.000000000000,0.753521
3380.000000000000,0.682748
3381.000000000000,0.709361
3382.000000000000,0.781845
3383.000000000000,0.780097
3384.000000000000,0.774296
3385.000000000000,0.825346
3386.000000000000,0.858957
3387.000000000000,0.834779
3388.000000000000,0.805333
3389.000000000000,0.833058
3390.000000000000,0.849217
3391.000000000000,0.795152
3392.000000000000,0.716545
3393.000000000000,0.684689
3394.000000000000,0.725270
3395.000000000000,0.797019
3396.000000000000,0.860365
3397.000000000000,0.893578
3398.000000000000,0.904477
3399.000000000000,0.907036
3400.000000000000,0.913122
3401.000000000000,0.897785
3402.000000000000,0.859986
3403.000000000000,0.832577
3404.000000000000,0.817765
3405.000000000000,0.819109
3406.000000000000,0.815578
3407.000000000000,0.799619
3408.000000000000,0.809689
3409.000000000000,0.819970
3410.000000000000,0.831616
3411.000000000000,0.852289
3412.000000000000,0.827755
3413.000000000000,0.751449
3414.000000000000,0.685072
3415.000000000000,0.696545
3416.000000000000,0.774207
3417.000000000000,0.823331
3418.000000000000,0.845621
3419.000000000000,0.881266
3420.000000000000,0.904208
3421.000000000000,0.887767
3422.000000000000,0.842397
3423.000000000000,0.794936
3424.000000000000,0.790574
3425.000000000000,0.816918
3426.000000000000,0.806315
3427.000000000000,0.793788
3428.000000000000,0.844097
3429.000000000000,0.909701
3430.000000000000,0.936969
3431.000000000000,0.917072
3432.000000000000,0.866856
3433.000000000000,0.817171
3434.000000000000,0.837968
3435.000000000000,0.901752
3436.000000000000,0.910221
3437.000000000000,0.874402
3438.000000000000,0.841478
3439.000000000000,0.777161
3440.000000000000,0.643925
3441.000000000000,0.571761
3442.000000000000,0.630100
3443.000000000000,0.676804
3444.000000000000,0.687254
3445.000000000000,0.720358
3446.000000000000,0.754751
3447.000000000000,0.817683
3448.000000000000,0.888475
3449.000000000000,0.904989
3450.000000000000,0.895073
3451.000000000000,0.862770
3452.000000000000,0.797512
3453.000000000000,0.781240
3454.000000000000,0.848114
3455.000000000000,0.906236
3456.000000000000,0.906225
3457.000000000000,0.862262
3458.000000000000,0.799386
3459.000000000000,0.781913
3460.000000000000,0.792807
3461.000000000000,0.773936
3462.000000000000,0.781293
3463.000000000000,0.845367
3464.000000000000,0.876456
3465.000000000000,0.824721
3466.000000000000,0.784776
3467.000000000000,0.830356
3468.000000000000,0.876167
3469.000000000000,0.881836
3470.000000000000,0.887808
3471.000000000000,0.880635
3472.000000000000,0.847862
3473.000000000000,0.815718
3474.000000000000,0.767698
3475.000000000000,0.688252
3476.000000000000,0.643412
3477.000000000000,0.698123
3478.000000000000,0.809155
3479.000000000000,0.887425
3480.000000000000,0.920937
3481.000000000000,0.931214
3482.000000000000,0.911552
3483.000000000000,0.865063
3484.000000000000,0.851117
3485.000000000000,0.875201
3486.000000000000,0.907124
3487.000000000000,0.927141
3488.000000000000,0.902202
3489.000000000000,0.826865
3490.000000000000,0.739619
3491.000000000000,0.726070
3492.000000000000,0.759120
3493.000000000000,0.770783
3494.000000000000,0.810228
3495.000000000000,0.827211
3496.000000000000,0.793508
3497.000000000000,0.769106
3498.000000000000,0.806933
3499.000000000000,0.877209
3500.000000000000,0.888880
3501.000000000000,0.871676
3502.000000000000,0.879341
3503.000000000000,0.901752
3504.000000000000,0.904992
3505.000000000000,0.881117
3506.000000000000,0.868008
3507.000000000000,0.878923
3508.000000000000,0.889707
3509.000000000000,0.861448
3510.000000000000,0.808662
3511.000000000000,0.808034
3512.000000000000,0.823946
3513.000000000000,0.781150
3514.000000000000,0.726416
3515.000000000000,0.735561
3516.000000000000,0.812115
3517.000000000000,0.877379
3518.000000000000,0.882973
3519.000000000000,0.850103
3520.000000000000,0.810101
3521.000000000000,0.783660
3522.000000000000,0.784455
3523.000000000000,0.756477
3524.000000000000,0.678634
3525.000000000000,0.638088
3526.000000000000,0.643902
3527.000000000000,0.707378
3528.000000000000,0.804454
3529.000000000000,0.851543
3530.000000000000,0.856671
3531.000000000000,0.854307
3532.000000000000,0.834708
3533.000000000000,0.828090
3534.000000000000,0.864344
3535.000000000000,0.883527
3536.000000000000,0.866434
3537.000000000000,0.855805
3538.000000000000,0.873315
3539.000000000000,0.898532
3540.000000000000,0.874626
3541.000000000000,0.826770
3542.000000000000,0.833043
3543.000000000000,0.884031
3544.000000000000,0.914562
3545.000000000000,0.907870
3546.000000000000,0.895145
3547.000000000000,0.871791
3548.000000000000,0.853348
3549.000000000000,0.884554
3550.000000000000,0.918765
3551.000000000000,0.919097
3552.000000000000,0.892246
3553.000000000000,0.844208
3554.000000000000,0.797023
3555.000000000000,0.799254
3556.000000000000,0.832918
3557.000000000000,0.836938
3558.000000000000,0.822783
3559.000000000000,0.834328
3560.000000000000,0.870174
3561.000000000000,0.887416
3562.000000000000,0.904727
3563.000000000000,0.910952
3564.000000000000,0.833113
3565.000000000000,0.689407
3566.000000000000,0.636910
3567.000000000000,0.715572
3568.000000000000,0.761543
3569.000000000000,0.677664
3570.000000000000,0.596150
3571.000000000000,0.640899
3572.000000000000,0.714444
3573.000000000000,0.758101
3574.000000000000,0.782313
3575.000000000000,0.796838
3576.000000000000,0.821808
3577.000000000000,0.842336
3578.000000000000,0.820744
3579.000000000000,0.778367
3580.000000000000,0.696407
3581.000000000000,0.595091
3582.000000000000,0.634890
3583.000000000000,0.742481
3584.000000000000,0.721109
3585.000000000000,0.611549
3586.000000000000,0.569989
3587.000000000000,0.608669
3588.000000000000,0.678370
3589.000000000000,0.742895
3590.000000000000,0.807018
3591.000000000000,0.860068
3592.000000000000,0.866050
3593.000000000000,0.833926
3594.000000000000,0.815605
3595.000000000000,0.831112
3596.000000000000,0.856027
3597.000000000000,0.872057
3598.000000000000,0.891059
3599.000000000000,0.918804
3600.000000000000,0.929899
3601.000000000000,0.902517
3602.000000000000,0.842774
3603.000000000000,0.808940
3604.000000000000,0.804641
3605.000000000000,0.784495
3606.000000000000,0.778615
3607.000000000000,0.784104
3608.000000000000,0.732339
3609.000000000000,0.667670
3610.000000000000,0.685040
3611.000000000000,0.755870
3612.000000000000,0.796119
3613.000000000000,0.792013
3614.000000000000,0.810617
3615.000000000000,0.855498
3616.000000000000,0.873837
3617.000000000000,0.815083
3618.000000000000,0.672063
3619.000000000000,0.591254
3620.000000000000,0.679339
3621.000000000000,0.788197
3622.000000000000,0.830336
3623.000000000000,0.837484
3624.000000000000,0.832402
3625.000000000000,0.862930
3626.000000000000,0.915384
3627.000000000000,0.925658
3628.000000000000,0.907371
3629.000000000000,0.879500
3630.000000000000,0.785775
3631.000000000000,0.665590
3632.000000000000,0.668849
3633.000000000000,0.753186
3634.000000000000,0.776729
3635.000000000000,0.760903
3636.000000000000,0.776594
3637.000000000000,0.811970
3638.000000000000,0.839096
3639.000000000000,0.862956
3640.000000000000,0.878623
3641.000000000000,0.875456
3642.000000000000,0.848511
3643.000000000000,0.811351
3644.000000000000,0.786647
3645.000000000000,0.784975
3646.000000000000,0.792064
3647.000000000000,0.747725
3648.000000000000,0.698240
3649.000000000000,0.715408
3650.000000000000,0.748526
3651.000000000000,0.780965
3652.000000000000,0.824063
3653.000000000000,0.860462
3654.000000000000,0.880426
3655.000000000000,0.902962
3656.000000000000,0.914997
3657.000000000000,0.910839
3658.000000000000,0.904153
3659.000000000000,0.903845
3660.000000000000,0.904794
3661.000000000000,0.904882
3662.000000000000,0.894291
3663.000000000000,0.878122
3664.000000000000,0.866309
3665.000000000000,0.880381
3666.000000000000,0.904588
3667.000000000000,0.903428
3668.000000000000,0.878271
3669.000000000000,0.840798
3670.000000000000,0.836220
3671.000000000000,0.878721
3672.000000000000,0.906107
3673.000000000000,0.892008
3674.000000000000,0.881401
3675.000000000000,0.896998
3676.000000000000,0.890564
3677.000000000000,0.844293
3678.000000000000,0.818713
3679.000000000000,0.809630
3680.000000000000,0.790936
3681.000000000000,0.795611
3682.000000000000,0.797739
3683.000000000000,0.805197
3684.000000000000,0.814665
3685.000000000000,0.794219
3686.000000000000,0.773863
3687.000000000000,0.758751
3688.000000000000,0.768921
3689.000000000000,0.814281
3690.000000000000,0.866383
3691.000000000000,0.916549
3692.000000000000,0.927502
3693.000000000000,0.885589
3694.000000000000,0.859777
3695.000000000000,0.892716
3696.000000000000,0.928489
3697.000000000000,0.922417
3698.000000000000,0.904436
3699.000000000000,0.911518
3700.000000000000,0.919598
3701.000000000000,0.904967
3702.000000000000,0.889107
3703.000000000000,0.854053
3704.000000000000,0.789524
3705.000000000000,0.713879
3706.000000000000,0.671764
3707.000000000000,0.693299
3708.000000000000,0.718666
3709.000000000000,0.735601
3710.000000000000,0.787326
3711.000000000000,0.865346
3712.000000000000,0.922961
3713.000000000000,0.950605
3714.000000000000,0.953989
3715.000000000000,0.930002
3716.000000000000,0.899695
3717.000000000000,0.886361
3718.000000000000,0.838326
3719.000000000000,0.709952
3720.000000000000,0.604479
3721.000000000000,0.618405
3722.000000000000,0.680505
3723.000000000000,0.759764
3724.000000000000,0.839101
3725.000000000000,0.881208
3726.000000000000,0.856927
3727.000000000000,0.781108
3728.000000000000,0.777724
3729.000000000000,0.841781
3730.000000000000,0.860543
3731.000000000000,0.843196
3732.000000000000,0.797867
3733.000000000000,0.703216
3734.000000000000,0.596227
3735.000000000000,0.542669
3736.000000000000,0.551016
3737.000000000000,0.573716
3738.000000000000,0.664188
3739.000000000000,0.777759
3740.000000000000,0.840266
3741.000000000000,0.853473
3742.000000000000,0.820488
3743.000000000000,0.758062
3744.000000000000,0.706140
3745.000000000000,0.645402
3746.000000000000,0.614250
3747.000000000000,0.635528
3748.000000000000,0.593102
3749.000000000000,0.541646
3750.000000000000,0.623553
3751.000000000000,0.776718
3752.000000000000,0.855700
3753.000000000000,0.868901
3754.000000000000,0.888496
3755.000000000000,0.913936
3756.000000000000,0.894028
3757.000000000000,0.790914
3758.000000000000,0.666745
3759.000000000000,0.650335
3760.000000000000,0.719342
3761.000000000000,0.774349
3762.000000000000,0.801269
3763.000000000000,0.777756
3764.000000000000,0.751468
3765.000000000000,0.789141
3766.000000000000,0.797483
3767.000000000000,0.770504
3768.000000000000,0.800543
3769.000000000000,0.837697
3770.000000000000,0.818445
3771.000000000000,0.821482
3772.000000000000,0.873432
3773.000000000000,0.906762
3774.000000000000,0.896852
3775.000000000000,0.875877
3776.000000000000,0.877127
3777.000000000000,0.894644
3778.000000000000,0.895895
3779.000000000000,0.896397
3780.000000000000,0.924950
3781.000000000000,0.947044
3782.000000000000,0.942432
3783.000000000000,0.931350
3784.000000000000,0.930388
3785.000000000000,0.908330
3786.000000000000,0.852962
3787.000000000000,0.818410
3788.000000000000,0.814841
3789.000000000000,0.825866
3790.000000000000,0.840410
3791.000000000000,0.865837
3792.000000000000,0.875381
3793.000000000000,0.843702
3794.000000000000,0.798166
3795.000000000000,0.782631
3796.000000000000,0.783705
3797.000000000000,0.726641
3798.000000000000,0.657979
3799.000000000000,0.684877
3800.000000000000,0.784515
3801.000000000000,0.863090
3802.000000000000,0.896057
3803.000000000000,0.922239
3804.000000000000,0.929057
3805.000000000000,0.905312
3806.000000000000,0.865618
3807.000000000000,0.841817
3808.000000000000,0.866517
3809.000000000000,0.906967
3810.000000000000,0.927412
3811.000000000000,0.917134
3812.000000000000,0.866024
3813.000000000000,0.800446
3814.000000000000,0.763799
3815.000000000000,0.727259
3816.000000000000,0.721565
3817.000000000000,0.798329
3818.000000000000,0.853845
3819.000000000000,0.794903
3820.000000000000,0.674605
3821.000000000000,0.667821
3822.000000000000,0.771773
3823.000000000000,0.805649
3824.000000000000,0.725665
3825.000000000000,0.636409
3826.000000000000,0.612564
3827.000000000000,0.628325
3828.000000000000,0.613113
3829.000000000000,0.592290
3830.000000000000,0.613082
3831.000000000000,0.595785
3832.000000000000,0.508457
3833.000000000000,0.477820
3834.000000000000,0.497517
3835.000000000000,0.520557
3836.000000000000,0.552775
3837.000000000000,0.534997
3838.000000000000,0.470964
3839.000000000000,0.481265
3840.000000000000,0.546814
3841.000000000000,0.630668
3842.000000000000,0.748109
3843.000000000000,0.823575
3844.000000000000,0.850931
3845.000000000000,0.854560
3846.000000000000,0.850450
3847.000000000000,0.870934
3848.000000000000,0.891930
3849.000000000000,0.861913
3850.000000000000,0.822718
3851.000000000000,0.847060
3852.000000000000,0.891760
3853.000000000000,0.909041
3854.000000000000,0.903028
3855.000000000000,0.856240
3856.000000000000,0.789221
3857.000000000000,0.771504
3858.000000000000,0.743353
3859.000000000000,0.658662
3860.000000000000,0.639767
3861.000000000000,0.746427
3862.000000000000,0.861497
3863.000000000000,0.905678
3864.000000000000,0.896280
3865.000000000000,0.865888
3866.000000000000,0.856112
3867.000000000000,0.873696
3868.000000000000,0.891087
3869.000000000000,0.892124
3870.000000000000,0.857376
3871.000000000000,0.770121
3872.000000000000,0.679100
3873.000000000000,0.681673
3874.000000000000,0.756089
3875.000000000000,0.815343
3876.000000000000,0.817167
3877.000000000000,0.741001
3878.000000000000,0.649246
3879.000000000000,0.686900
3880.000000000000,0.798526
3881.000000000000,0.844337
3882.000000000000,0.832395
3883.000000000000,0.817471
3884.000000000000,0.802326
3885.000000000000,0.742841
3886.000000000000,0.650974
3887.000000000000,0.606900
3888.000000000000,0.580135
3889.000000000000,0.556939
3890.000000000000,0.624727
3891.000000000000,0.732699
3892.000000000000,0.785833
3893.000000000000,0.781327
3894.000000000000,0.762436
3895.000000000000,0.740761
3896.000000000000,0.760567
3897.000000000000,0.796281
3898.000000000000,0.784807
3899.000000000000,0.766362
3900.000000000000,0.767665
3901.000000000000,0.772443
3902.000000000000,0.734174
3903.000000000000,0.684618
3904.000000000000,0.661978
3905.000000000000,0.637136
3906.000000000000,0.652611
3907.000000000000,0.741958
3908.000000000000,0.819273
3909.000000000000,0.840498
3910.000000000000,0.822856
3911.000000000000,0.833083
3912.000000000000,0.869694
3913.000000000000,0.858576
3914.000000000000,0.826530
3915.000000000000,0.820276
3916.000000000000,0.820121
3917.000000000000,0.815817
3918.000000000000,0.793963
3919.000000000000,0.755135
3920.000000000000,0.708733
3921.000000000000,0.683754
3922.000000000000,0.696316
3923.000000000000,0.719566
3924.000000000000,0.740759
3925.000000000000,0.725011
3926.000000000000,0.675376
3927.000000000000,0.601344
3928.000000000000,0.509045
3929.000000000000,0.437050
3930.000000000000,0.366583
3931.000000000000,0.290490
3932.000000000000,0.224816
3933.000000000000,0.176244
3934.000000000000,0.167520
3935.000000000000,0.206832
3936.000000000000,0.277624
3937.000000000000,0.366764
3938.000000000000,0.463858
3939.000000000000,0.560176
3940.000000000000,0.633178
3941.000000000000,0.672849
3942.000000000000,0.688942
3943.000000000000,0.671507
3944.000000000000,0.661315
3945.000000000000,0.722757
3946.000000000000,0.792366
3947.000000000000,0.799199
3948.000000000000,0.782113
3949.000000000000,0.794656
3950.000000000000,0.823614
3951.000000000000,0.830388
3952.000000000000,0.802151
3953.000000000000,0.789463
3954.000000000000,0.827069
3955.000000000000,0.836270
3956.000000000000,0.792849
3957.000000000000,0.775381
3958.000000000000,0.806656
3959.000000000000,0.824039
3960.000000000000,0.775883
3961.000000000000,0.669725
3962.000000000000,0.597889
3963.000000000000,0.587792
3964.000000000000,0.566465
3965.000000000000,0.491334
3966.000000000000,0.375473
3967.000000000000,0.265067
3968.000000000000,0.197508
3969.000000000000,0.196401
3970.000000000000,0.260810
3971.000000000000,0.362247
3972.000000000000,0.469779
3973.000000000000,0.561401
3974.000000000000,0.634528
3975.000000000000,0.706125
3976.000000000000,0.764883
3977.000000000000,0.802768
3978.000000000000,0.839722
3979.000000000000,0.874958
3980.000000000000,0.893187
3981.000000000000,0.881888
3982.000000000000,0.853004
3983.000000000000,0.842024
3984.000000000000,0.858990
3985.000000000000,0.866624
3986.000000000000,0.837632
3987.000000000000,0.832778
3988.000000000000,0.881550
3989.000000000000,0.909810
3990.000000000000,0.909712
3991.000000000000,0.923500
3992.000000000000,0.939346
3993.000000000000,0.928582
3994.000000000000,0.894800
3995.000000000000,0.875409
3996.000000000000,0.879699
3997.000000000000,0.876237
3998.000000000000,0.873827
3999.000000000000,0.896110
4000.000000000000,0.907593
4001.000000000000,0.901714
4002.000000000000,0.918653
4003.000000000000,0.935891
4004.000000000000,0.908459
4005.000000000000,0.854474
4006.000000000000,0.841051
4007.000000000000,0.875971
4008.000000000000,0.918615
4009.000000000000,0.932128
4010.000000000000,0.930989
4011.000000000000,0.934965
4012.000000000000,0.934039
4013.000000000000,0.927311
4014.000000000000,0.916198
4015.000000000000,0.913296
4016.000000000000,0.910016
4017.000000000000,0.895322
4018.000000000000,0.900279
4019.000000000000,0.918354
4020.000000000000,0.920662
4021.000000000000,0.924792
4022.000000000000,0.937940
4023.000000000000,0.943736
4024.000000000000,0.925532
4025.000000000000,0.907911
4026.000000000000,0.918896
4027.000000000000,0.937506
4028.000000000000,0.942283
4029.000000000000,0.923893
4030.000000000000,0.876156
4031.000000000000,0.846502
4032.000000000000,0.846756
4033.000000000000,0.837742
4034.000000000000,0.836585
4035.000000000000,0.863330
4036.000000000000,0.908164
4037.000000000000,0.941958
4038.000000000000,0.956320
4039.000000000000,0.952873
4040.000000000000,0.930538
4041.000000000000,0.912567
4042.000000000000,0.917718
4043.000000000000,0.907273
4044.000000000000,0.846322
4045.000000000000,0.758520
4046.000000000000,0.738983
4047.000000000000,0.825288
4048.000000000000,0.898039
4049.000000000000,0.918127
4050.000000000000,0.932797
4051.000000000000,0.948151
4052.000000000000,0.945072
4053.000000000000,0.930840
4054.000000000000,0.914668
4055.000000000000,0.903626
4056.000000000000,0.900497
4057.000000000000,0.879458
4058.000000000000,0.866420
4059.000000000000,0.893866
4060.000000000000,0.932545
4061.000000000000,0.942185
4062.000000000000,0.890962
4063.000000000000,0.805587
4064.000000000000,0.794470
4065.000000000000,0.849204
4066.000000000000,0.860145
4067.000000000000,0.856873
4068.000000000000,0.893136
4069.000000000000,0.927434
4070.000000000000,0.903379
4071.000000000000,0.834063
4072.000000000000,0.819069
4073.000000000000,0.877579
4074.000000000000,0.912355
4075.000000000000,0.908427
4076.000000000000,0.883630
4077.000000000000,0.847449
4078.000000000000,0.843857
4079.000000000000,0.877285
4080.000000000000,0.916782
4081.000000000000,0.945573
4082.000000000000,0.945106
4083.000000000000,0.914816
4084.000000000000,0.878558
4085.000000000000,0.878327
4086.000000000000,0.919716
4087.000000000000,0.956770
4088.000000000000,0.972156
4089.000000000000,0.974254
4090.000000000000,0.969569
4091.000000000000,0.958615
4092.000000000000,0.944842
4093.000000000000,0.942790
4094.000000000000,0.939173
4095.000000000000,0.916928
4096.000000000000,0.898481
4097.000000000000,0.890862
4098.000000000000,0.874228
4099.000000000000,0.838236
4100.000000000000,0.758828
4101.000000000000,0.646382
4102.000000000000,0.610727
4103.000000000000,0.693560
4104.000000000000,0.796125
4105.000000000000,0.860800
4106.000000000000,0.890852
4107.000000000000,0.900851
4108.000000000000,0.908274
4109.000000000000,0.912008
4110.000000000000,0.917477
4111.000000000000,0.931527
4112.000000000000,0.941178
4113.000000000000,0.945521
4114.000000000000,0.948058
4115.000000000000,0.953371
4116.000000000000,0.964012
4117.000000000000,0.959535
4118.000000000000,0.930206
4119.000000000000,0.911146
4120.000000000000,0.919703
4121.000000000000,0.925869
4122.000000000000,0.926960
4123.000000000000,0.935724
4124.000000000000,0.947754
4125.000000000000,0.949874
4126.000000000000,0.938191
4127.000000000000,0.924796
4128.000000000000,0.924026
4129.000000000000,0.938819
4130.000000000000,0.943457
4131.000000000000,0.912184
4132.000000000000,0.868759
4133.000000000000,0.865677
4134.000000000000,0.882240
4135.000000000000,0.905205
4136.000000000000,0.930313
4137.000000000000,0.937951
4138.000000000000,0.945194
4139.000000000000,0.951830
4140.000000000000,0.949851
4141.000000000000,0.938294
4142.000000000000,0.899170
4143.000000000000,0.838858
4144.000000000000,0.828684
4145.000000000000,0.884784
4146.000000000000,0.929710
4147.000000000000,0.940935
4148.000000000000,0.933226
4149.000000000000,0.917414
4150.000000000000,0.917837
4151.000000000000,0.938334
4152.000000000000,0.940306
4153.000000000000,0.908709
4154.000000000000,0.869888
4155.000000000000,0.879271
4156.000000000000,0.907686
4157.000000000000,0.908652
4158.000000000000,0.907463
4159.000000000000,0.922534
4160.000000000000,0.943771
4161.000000000000,0.950143
4162.000000000000,0.943974
4163.000000000000,0.936320
4164.000000000000,0.934342
4165.000000000000,0.940086
4166.000000000000,0.923169
4167.000000000000,0.883102
4168.000000000000,0.886288
4169.000000000000,0.921282
4170.000000000000,0.933198
4171.000000000000,0.913810
4172.000000000000,0.876561
4173.000000000000,0.862082
4174.000000000000,0.876452
4175.000000000000,0.890166
4176.000000000000,0.902102
4177.000000000000,0.906082
4178.000000000000,0.911845
4179.000000000000,0.934567
4180.000000000000,0.939055
4181.000000000000,0.910935
4182.000000000000,0.889637
4183.000000000000,0.895958
4184.000000000000,0.908871
4185.000000000000,0.904860
4186.000000000000,0.865904
4187.000000000000,0.819418
4188.000000000000,0.823194
4189.000000000000,0.867229
4190.000000000000,0.901238
4191.000000000000,0.894584
4192.000000000000,0.890262
4193.000000000000,0.918221
4194.000000000000,0.920315
4195.000000000000,0.893625
4196.000000000000,0.895219
4197.000000000000,0.895045
4198.000000000000,0.852535
4199.000000000000,0.835215
4200.000000000000,0.854058
4201.000000000000,0.847707
4202.000000000000,0.842429
4203.000000000000,0.866706
4204.000000000000,0.885560
4205.000000000000,0.892526
4206.000000000000,0.894464
4207.000000000000,0.902694
4208.000000000000,0.925488
4209.000000000000,0.923994
4210.000000000000,0.896359
4211.000000000000,0.887884
4212.000000000000,0.899967
4213.000000000000,0.908912
4214.000000000000,0.909245
4215.000000000000,0.885175
4216.000000000000,0.854015
4217.000000000000,0.850060
4218.000000000000,0.864248
4219.000000000000,0.886857
4220.000000000000,0.914843
4221.000000000000,0.920050
4222.000000000000,0.894538
4223.000000000000,0.861932
4224.000000000000,0.829514
4225.000000000000,0.768634
4226.000000000000,0.661760
4227.000000000000,0.628898
4228.000000000000,0.745726
4229.000000000000,0.858050
4230.000000000000,0.886938
4231.000000000000,0.890690
4232.000000000000,0.887073
4233.000000000000,0.873241
4234.000000000000,0.873966
4235.000000000000,0.853812
4236.000000000000,0.802063
4237.000000000000,0.796164
4238.000000000000,0.829045
4239.000000000000,0.854932
4240.000000000000,0.877474
4241.000000000000,0.888074
4242.000000000000,0.856247
4243.000000000000,0.833144
4244.000000000000,0.866972
4245.000000000000,0.901719
4246.000000000000,0.893649
4247.000000000000,0.847807
4248.000000000000,0.801276
4249.000000000000,0.774683
4250.000000000000,0.771131
4251.000000000000,0.816851
4252.000000000000,0.874136
4253.000000000000,0.864576
4254.000000000000,0.813136
4255.000000000000,0.801288
4256.000000000000,0.857053
4257.000000000000,0.912929
4258.000000000000,0.896700
4259.000000000000,0.834926
4260.000000000000,0.779948
4261.000000000000,0.774756
4262.000000000000,0.826719
4263.000000000000,0.871340
4264.000000000000,0.872040
4265.000000000000,0.875252
4266.000000000000,0.880977
4267.000000000000,0.852915
4268.000000000000,0.834533
4269.000000000000,0.828915
4270.000000000000,0.780560
4271.000000000000,0.715738
4272.000000000000,0.714110
4273.000000000000,0.748520
4274.000000000000,0.741270
4275.000000000000,0.747768
4276.000000000000,0.809423
4277.000000000000,0.868502
4278.000000000000,0.879603
4279.000000000000,0.833104
4280.000000000000,0.775261
4281.000000000000,0.780251
4282.000000000000,0.814107
4283.000000000000,0.837098
4284.000000000000,0.833438
4285.000000000000,0.783903
4286.000000000000,0.752877
4287.000000000000,0.782177
4288.000000000000,0.799457
4289.000000000000,0.758784
4290.000000000000,0.729248
4291.000000000000,0.747241
4292.000000000000,0.790784
4293.000000000000,0.818306
4294.000000000000,0.805021
4295.000000000000,0.782771
4296.000000000000,0.753986
4297.000000000000,0.700649
4298.000000000000,0.649892
4299.000000000000,0.589351
4300.000000000000,0.554371
4301.000000000000,0.573727
4302.000000000000,0.589860
4303.000000000000,0.590532
4304.000000000000,0.604644
4305.000000000000,0.620878
4306.000000000000,0.621909
4307.000000000000,0.581380
4308.000000000000,0.523002
4309.000000000000,0.514963
4310.000000000000,0.533797
4311.000000000000,0.548652
4312.000000000000,0.586926
4313.000000000000,0.666749
4314.000000000000,0.754945
4315.000000000000,0.835132
4316.000000000000,0.913019
4317.000000000000,0.949358
4318.000000000000,0.941792
4319.000000000000,0.936884
4320.000000000000,0.938332
4321.000000000000,0.921717
4322.000000000000,0.861573
4323.000000000000,0.741204
4324.000000000000,0.658226
4325.000000000000,0.657432
4326.000000000000,0.712060
4327.000000000000,0.807737
4328.000000000000,0.875597
4329.000000000000,0.896172
4330.000000000000,0.896931
4331.000000000000,0.901194
4332.000000000000,0.906900
4333.000000000000,0.903133
4334.000000000000,0.894861
4335.000000000000,0.885795
4336.000000000000,0.860196
4337.000000000000,0.797084
4338.000000000000,0.718863
4339.000000000000,0.631947
4340.000000000000,0.552186
4341.000000000000,0.567475
4342.000000000000,0.669938
4343.000000000000,0.753291
4344.000000000000,0.803016
4345.000000000000,0.851335
4346.000000000000,0.880566
4347.000000000000,0.885826
4348.000000000000,0.893995
4349.000000000000,0.912771
4350.000000000000,0.894593
4351.000000000000,0.817794
4352.000000000000,0.759752
4353.000000000000,0.789929
4354.000000000000,0.836378
4355.000000000000,0.838988
4356.000000000000,0.841771
4357.000000000000,0.866509
4358.000000000000,0.872476
4359.000000000000,0.853749
4360.000000000000,0.859325
4361.000000000000,0.890679
4362.000000000000,0.892231
4363.000000000000,0.869628
4364.000000000000,0.881090
4365.000000000000,0.907696
4366.000000000000,0.891446
4367.000000000000,0.860340
4368.000000000000,0.867884
4369.000000000000,0.877892
4370.000000000000,0.853438
4371.000000000000,0.833733
4372.000000000000,0.840689
4373.000000000000,0.846625
4374.000000000000,0.831973
4375.000000000000,0.818545
4376.000000000000,0.829087
4377.000000000000,0.853894
4378.000000000000,0.871811
4379.000000000000,0.879929
4380.000000000000,0.876536
4381.000000000000,0.863923
4382.000000000000,0.809205
4383.000000000000,0.714114
4384.000000000000,0.697525
4385.000000000000,0.768410
4386.000000000000,0.832390
4387.000000000000,0.853957
4388.000000000000,0.859715
4389.000000000000,0.861347
4390.000000000000,0.855983
4391.000000000000,0.859898
4392.000000000000,0.872560
4393.000000000000,0.873807
4394.000000000000,0.856733
4395.000000000000,0.846695
4396.000000000000,0.863733
4397.000000000000,0.890005
4398.000000000000,0.898193
4399.000000000000,0.882389
4400.000000000000,0.863718
4401.000000000000,0.869855
4402.000000000000,0.891159
4403.000000000000,0.878860
4404.000000000000,0.820608
4405.000000000000,0.800102
4406.000000000000,0.848686
4407.000000000000,0.882758
4408.000000000000,0.885171
4409.000000000000,0.895738
4410.000000000000,0.917883
4411.000000000000,0.938739
4412.000000000000,0.949911
4413.000000000000,0.937746
4414.000000000000,0.896376
4415.000000000000,0.857270
4416.000000000000,0.867194
4417.000000000000,0.894344
4418.000000000000,0.915839
4419.000000000000,0.945704
4420.000000000000,0.963398
4421.000000000000,0.951198
4422.000000000000,0.933917
4423.000000000000,0.938392
4424.000000000000,0.940926
4425.000000000000,0.921013
4426.000000000000,0.907938
4427.000000000000,0.912946
4428.000000000000,0.932947
4429.000000000000,0.945774
4430.000000000000,0.936531
4431.000000000000,0.939965
4432.000000000000,0.952220
4433.000000000000,0.939138
4434.000000000000,0.899081
4435.000000000000,0.861945
4436.000000000000,0.881986
4437.000000000000,0.937653
4438.000000000000,0.969570
4439.000000000000,0.971570
4440.000000000000,0.959235
4441.000000000000,0.938172
4442.000000000000,0.912246
4443.000000000000,0.900884
4444.000000000000,0.919851
4445.000000000000,0.952177
4446.000000000000,0.961078
4447.000000000000,0.943130
4448.000000000000,0.934410
4449.000000000000,0.942053
4450.000000000000,0.942971
4451.000000000000,0.944543
4452.000000000000,0.950037
4453.000000000000,0.931819
4454.000000000000,0.878266
4455.000000000000,0.840821
4456.000000000000,0.864755
4457.000000000000,0.904878
4458.000000000000,0.917510
4459.000000000000,0.916560
4460.000000000000,0.924927
4461.000000000000,0.921925
4462.000000000000,0.918664
4463.000000000000,0.937296
4464.000000000000,0.947322
4465.000000000000,0.944981
4466.000000000000,0.943520
4467.000000000000,0.941457
4468.000000000000,0.930023
4469.000000000000,0.916484
4470.000000000000,0.922972
4471.000000000000,0.943507
4472.000000000000,0.962364
4473.000000000000,0.970496
4474.000000000000,0.969457
4475.000000000000,0.955522
4476.000000000000,0.943297
4477.000000000000,0.957405
4478.000000000000,0.976533
4479.000000000000,0.977522
4480.000000000000,0.962508
4481.000000000000,0.937342
4482.000000000000,0.919395
4483.000000000000,0.932280
4484.000000000000,0.954883
4485.000000000000,0.966791
4486.000000000000,0.971797
4487.000000000000,0.971126
4488.000000000000,0.962287
4489.000000000000,0.948555
4490.000000000000,0.944993
4491.000000000000,0.958090
4492.000000000000,0.971150
4493.000000000000,0.967728
4494.000000000000,0.947145
4495.000000000000,0.935361
4496.000000000000,0.943250
4497.000000000000,0.956065
4498.000000000000,0.965993
4499.000000000000,0.970273
4500.000000000000,0.965005
4501.000000000000,0.951538
4502.000000000000,0.955956
4503.000000000000,0.975501
4504.000000000000,0.986291
4505.000000000000,0.987062
4506.000000000000,0.985023
4507.000000000000,0.982228
4508.000000000000,0.979000
4509.000000000000,0.981772
4510.000000000000,0.985394
4511.000000000000,0.980687
4512.000000000000,0.973621
4513.000000000000,0.971060
4514.000000000000,0.969537
4515.000000000000,0.968353
4516.000000000000,0.971455
4517.000000000000,0.968937
4518.000000000000,0.964476
4519.000000000000,0.971289
4520.000000000000,0.977709
4521.000000000000,0.975496
4522.000000000000,0.961966
4523.000000000000,0.953266
4524.000000000000,0.953538
4525.000000000000,0.947276
4526.000000000000,0.940904
4527.000000000000,0.930379
4528.000000000000,0.918325
4529.000000000000,0.923353
4530.000000000000,0.939463
4531.000000000000,0.943081
4532.000000000000,0.938013
4533.000000000000,0.914589
4534.000000000000,0.892339
4535.000000000000,0.893922
4536.000000000000,0.918462
4537.000000000000,0.959404
4538.000000000000,0.984407
4539.000000000000,0.987558
4540.000000000000,0.980540
4541.000000000000,0.972877
4542.000000000000,0.975003
4543.000000000000,0.979095
4544.000000000000,0.971944
4545.000000000000,0.963798
4546.000000000000,0.964979
4547.000000000000,0.964007
4548.000000000000,0.946662
4549.000000000000,0.920419
4550.000000000000,0.924474
4551.000000000000,0.954313
4552.000000000000,0.964882
4553.000000000000,0.956609
4554.000000000000,0.944785
4555.000000000000,0.938748
4556.000000000000,0.945027
4557.000000000000,0.965209
4558.000000000000,0.977826
4559.000000000000,0.980746
4560.000000000000,0.983494
4561.000000000000,0.984834
4562.000000000000,0.979777
4563.000000000000,0.964487
4564.000000000000,0.956506
4565.000000000000,0.966464
4566.000000000000,0.978025
4567.000000000000,0.985587
4568.000000000000,0.989423
4569.000000000000,0.987589
4570.000000000000,0.973177
4571.000000000000,0.946824
4572.000000000000,0.941079
4573.000000000000,0.965517
4574.000000000000,0.983903
4575.000000000000,0.985824
4576.000000000000,0.983268
4577.000000000000,0.980905
4578.000000000000,0.975817
4579.000000000000,0.969138
4580.000000000000,0.961156
4581.000000000000,0.954241
4582.000000000000,0.956860
4583.000000000000,0.956740
4584.000000000000,0.950336
4585.000000000000,0.949149
4586.000000000000,0.955218
4587.000000000000,0.969963
4588.000000000000,0.979265
4589.000000000000,0.977681
4590.000000000000,0.973173
4591.000000000000,0.969484
4592.000000000000,0.962211
4593.000000000000,0.964046
4594.000000000000,0.975792
4595.000000000000,0.980496
4596.000000000000,0.980321
4597.000000000000,0.980109
4598.000000000000,0.980435
4599.000000000000,0.981090
4600.000000000000,0.974709
4601.000000000000,0.966533
4602.000000000000,0.961472
4603.000000000000,0.960851
4604.000000000000,0.968945
4605.000000000000,0.975664
4606.000000000000,0.978927
4607.000000000000,0.978714
4608.000000000000,0.981390
4609.000000000000,0.987137
4610.000000000000,0.982632
4611.000000000000,0.971136
4612.000000000000,0.969505
4613.000000000000,0.973912
4614.000000000000,0.979742
4615.000000000000,0.981497
4616.000000000000,0.974542
4617.000000000000,0.972036
4618.000000000000,0.973485
4619.000000000000,0.973048
4620.000000000000,0.977561
4621.000000000000,0.983036
4622.000000000000,0.983152
4623.000000000000,0.982790
4624.000000000000,0.981999
4625.000000000000,0.976650
4626.000000000000,0.974453
4627.000000000000,0.978732
4628.000000000000,0.978428
4629.000000000000,0.970301
4630.000000000000,0.971960
4631.000000000000,0.982543
4632.000000000000,0.983833
4633.000000000000,0.980013
4634.000000000000,0.982181
4635.000000000000,0.984645
4636.000000000000,0.980404
4637.000000000000,0.971137
4638.000000000000,0.967943
4639.000000000000,0.974908
4640.000000000000,0.983558
4641.000000000000,0.991018
4642.000000000000,0.992624
4643.000000000000,0.989198
4644.000000000000,0.986595
4645.000000000000,0.980196
4646.000000000000,0.967519
4647.000000000000,0.961325
4648.000000000000,0.964305
4649.000000000000,0.972426
4650.000000000000,0.978712
4651.000000000000,0.974095
4652.000000000000,0.968446
4653.000000000000,0.968744
4654.000000000000,0.962273
4655.000000000000,0.959667
4656.000000000000,0.967320
4657.000000000000,0.975103
4658.000000000000,0.984786
4659.000000000000,0.992370
4660.000000000000,0.994658
4661.000000000000,0.993210
4662.000000000000,0.990595
4663.000000000000,0.988710
4664.000000000000,0.988053
4665.000000000000,0.986067
4666.000000000000,0.974226
4667.000000000000,0.950760
4668.000000000000,0.941816
4669.000000000000,0.959356
4670.000000000000,0.977944
4671.000000000000,0.986419
4672.000000000000,0.984887
4673.000000000000,0.978643
4674.000000000000,0.980647
4675.000000000000,0.986676
4676.000000000000,0.989859
4677.000000000000,0.987898
4678.000000000000,0.977706
4679.000000000000,0.968610
4680.000000000000,0.970240
4681.000000000000,0.972822
4682.000000000000,0.973902
4683.000000000000,0.979814
4684.000000000000,0.984027
4685.000000000000,0.983504
4686.000000000000,0.984133
4687.000000000000,0.987637
4688.000000000000,0.990823
4689.000000000000,0.990526
4690.000000000000,0.985242
4691.000000000000,0.979368
4692.000000000000,0.981878
4693.000000000000,0.988513
4694.000000000000,0.990832
4695.000000000000,0.991214
4696.000000000000,0.990920
4697.000000000000,0.988696
4698.000000000000,0.985466
4699.000000000000,0.983622
4700.000000000000,0.980920
4701.000000000000,0.965491
4702.000000000000,0.923740
4703.000000000000,0.892914
4704.000000000000,0.922837
4705.000000000000,0.964599
4706.000000000000,0.974659
4707.000000000000,0.965655
4708.000000000000,0.961778
4709.000000000000,0.964709
4710.000000000000,0.969157
4711.000000000000,0.978978
4712.000000000000,0.986517
4713.000000000000,0.981543
4714.000000000000,0.967964
4715.000000000000,0.965988
4716.000000000000,0.978302
4717.000000000000,0.988417
4718.000000000000,0.990739
4719.000000000000,0.991295
4720.000000000000,0.991844
4721.000000000000,0.988659
4722.000000000000,0.985240
4723.000000000000,0.987748
4724.000000000000,0.992685
4725.000000000000,0.994233
4726.000000000000,0.989545
4727.000000000000,0.980174
4728.000000000000,0.975654
4729.000000000000,0.978145
4730.000000000000,0.980251
4731.000000000000,0.979438
4732.000000000000,0.978498
4733.000000000000,0.976940
4734.000000000000,0.977472
4735.000000000000,0.977724
4736.000000000000,0.966620
4737.000000000000,0.961091
4738.000000000000,0.974742
4739.000000000000,0.987059
4740.000000000000,0.988565
4741.000000000000,0.984888
4742.000000000000,0.984959
4743.000000000000,0.990311
4744.000000000000,0.993752
4745.000000000000,0.992304
4746.000000000000,0.990935
4747.000000000000,0.992767
4748.000000000000,0.994171
4749.000000000000,0.994168
4750.000000000000,0.994008
4751.000000000000,0.993360
4752.000000000000,0.989419
4753.000000000000,0.979638
4754.000000000000,0.971054
4755.000000000000,0.974401
4756.000000000000,0.978566
4757.000000000000,0.980106
4758.000000000000,0.983270
4759.000000000000,0.986444
4760.000000000000,0.987838
4761.000000000000,0.981161
4762.000000000000,0.969651
4763.000000000000,0.968657
4764.000000000000,0.974977
4765.000000000000,0.975659
4766.000000000000,0.972385
4767.000000000000,0.976205
4768.000000000000,0.983627
4769.000000000000,0.989391
4770.000000000000,0.992554
4771.000000000000,0.989268
4772.000000000000,0.981323
4773.000000000000,0.979455
4774.000000000000,0.987414
4775.000000000000,0.992597
4776.000000000000,0.992791
4777.000000000000,0.993857
4778.000000000000,0.993371
4779.000000000000,0.987855
4780.000000000000,0.983493
4781.000000000000,0.985259
4782.000000000000,0.981199
4783.000000000000,0.969554
4784.000000000000,0.971141
4785.000000000000,0.979919
4786.000000000000,0.975396
4787.000000000000,0.971125
4788.000000000000,0.971844
4789.000000000000,0.965977
4790.000000000000,0.968147
4791.000000000000,0.979328
4792.000000000000,0.983450
4793.000000000000,0.986304
4794.000000000000,0.991593
4795.000000000000,0.994129
4796.000000000000,0.993760
4797.000000000000,0.991303
4798.000000000000,0.986735
4799.000000000000,0.983987
4800.000000000000,0.984204
4801.000000000000,0.986140
4802.000000000000,0.988369
4803.000000000000,0.987624
4804.000000000000,0.982133
4805.000000000000,0.976627
4806.000000000000,0.980356
4807.000000000000,0.986309
4808.000000000000,0.988521
4809.000000000000,0.987946
4810.000000000000,0.984787
4811.000000000000,0.984637
4812.000000000000,0.988353
4813.000000000000,0.990101
4814.000000000000,0.989598
4815.000000000000,0.990153
4816.000000000000,0.992166
4817.000000000000,0.992593
4818.000000000000,0.991891
4819.000000000000,0.991349
4820.000000000000,0.990342
4821.000000000000,0.988590
4822.000000000000,0.980255
4823.000000000000,0.963533
4824.000000000000,0.960597
4825.000000000000,0.976924
4826.000000000000,0.988641
4827.000000000000,0.989614
4828.000000000000,0.983811
4829.000000000000,0.977768
4830.000000000000,0.978880
4831.000000000000,0.980695
4832.000000000000,0.981325
4833.000000000000,0.983741
4834.000000000000,0.986350
4835.000000000000,0.986639
4836.000000000000,0.986206
4837.000000000000,0.986158
4838.000000000000,0.982403
4839.000000000000,0.974702
4840.000000000000,0.968860
4841.000000000000,0.969495
4842.000000000000,0.973076
4843.000000000000,0.974159
4844.000000000000,0.977276
4845.000000000000,0.980548
4846.000000000000,0.979480
4847.000000000000,0.976289
4848.000000000000,0.972864
4849.000000000000,0.972309
4850.000000000000,0.973876
4851.000000000000,0.971056
4852.000000000000,0.965035
4853.000000000000,0.958755
4854.000000000000,0.945782
4855.000000000000,0.924528
4856.000000000000,0.908513
4857.000000000000,0.894880
4858.000000000000,0.859821
4859.000000000000,0.783499
4860.000000000000,0.667634
4861.000000000000,0.577611
4862.000000000000,0.609372
4863.000000000000,0.726721
4864.000000000000,0.823647
4865.000000000000,0.877023
4866.000000000000,0.905212
4867.000000000000,0.924439
4868.000000000000,0.939215
4869.000000000000,0.945379
4870.000000000000,0.928229
4871.000000000000,0.892751
4872.000000000000,0.889250
4873.000000000000,0.927711
4874.000000000000,0.959752
4875.000000000000,0.969347
4876.000000000000,0.967855
4877.000000000000,0.955617
4878.000000000000,0.941744
4879.000000000000,0.954979
4880.000000000000,0.976292
4881.000000000000,0.978542
4882.000000000000,0.974731
4883.000000000000,0.975838
4884.000000000000,0.974065
4885.000000000000,0.967365
4886.000000000000,0.962874
4887.000000000000,0.964653
4888.000000000000,0.966362
4889.000000000000,0.955081
4890.000000000000,0.918787
4891.000000000000,0.884071
4892.000000000000,0.909303
4893.000000000000,0.962157
4894.000000000000,0.988118
4895.000000000000,0.994027
4896.000000000000,0.994832
4897.000000000000,0.994790
4898.000000000000,0.993075
4899.000000000000,0.987023
4900.000000000000,0.981878
4901.000000000000,0.983147
4902.000000000000,0.976867
4903.000000000000,0.960095
4904.000000000000,0.957896
4905.000000000000,0.973999
4906.000000000000,0.987235
4907.000000000000,0.988786
4908.000000000000,0.983908
4909.000000000000,0.971868
4910.000000000000,0.956354
4911.000000000000,0.957812
4912.000000000000,0.972254
4913.000000000000,0.980296
4914.000000000000,0.984237
4915.000000000000,0.990185
4916.000000000000,0.991113
4917.000000000000,0.977933
4918.000000000000,0.943744
4919.000000000000,0.903175
4920.000000000000,0.885254
4921.000000000000,0.907487
4922.000000000000,0.947106
4923.000000000000,0.957178
4924.000000000000,0.950154
4925.000000000000,0.961229
4926.000000000000,0.980569
4927.000000000000,0.989247
4928.000000000000,0.990999
4929.000000000000,0.991866
4930.000000000000,0.991256
4931.000000000000,0.990171
4932.000000000000,0.983452
4933.000000000000,0.962487
4934.000000000000,0.947544
4935.000000000000,0.960288
4936.000000000000,0.974357
4937.000000000000,0.969936
4938.000000000000,0.950850
4939.000000000000,0.939396
4940.000000000000,0.956043
4941.000000000000,0.979453
4942.000000000000,0.988581
4943.000000000000,0.991017
4944.000000000000,0.992395
4945.000000000000,0.988093
4946.000000000000,0.980867
4947.000000000000,0.982438
4948.000000000000,0.989596
4949.000000000000,0.991141
4950.000000000000,0.988706
4951.000000000000,0.990474
4952.000000000000,0.993410
4953.000000000000,0.993212
4954.000000000000,0.991886
4955.000000000000,0.983091
4956.000000000000,0.942164
4957.000000000000,0.875653
4958.000000000000,0.875377
4959.000000000000,0.942763
4960.000000000000,0.985635
4961.000000000000,0.994477
4962.000000000000,0.994049
4963.000000000000,0.993941
4964.000000000000,0.991510
4965.000000000000,0.981279
4966.000000000000,0.971600
4967.000000000000,0.972496
4968.000000000000,0.975576
4969.000000000000,0.978544
4970.000000000000,0.980967
4971.000000000000,0.982535
4972.000000000000,0.983959
4973.000000000000,0.985250
4974.000000000000,0.989506
4975.000000000000,0.993188
4976.000000000000,0.993378
4977.000000000000,0.989979
4978.000000000000,0.981125
4979.000000000000,0.972665
4980.000000000000,0.965242
4981.000000000000,0.947055
4982.000000000000,0.919222
4983.000000000000,0.904000
4984.000000000000,0.911302
4985.000000000000,0.931565
4986.000000000000,0.957431
4987.000000000000,0.980663
4988.000000000000,0.987798
4989.000000000000,0.984092
4990.000000000000,0.973207
4991.000000000000,0.962255
4992.000000000000,0.969227
4993.000000000000,0.976089
4994.000000000000,0.973636
4995.000000000000,0.979694
4996.000000000000,0.987550
4997.000000000000,0.987582
4998.000000000000,0.980299
4999.000000000000,0.966556
5000.000000000000,0.958649
5001.000000000000,0.956073
5002.000000000000,0.955473
5003.000000000000,0.966737
5004.000000000000,0.969439
5005.000000000000,0.939463
5006.000000000000,0.906412
5007.000000000000,0.916945
5008.000000000000,0.955057
5009.000000000000,0.980602
5010.000000000000,0.982632
5011.000000000000,0.968383
5012.000000000000,0.949778
5013.000000000000,0.940725
5014.000000000000,0.933759
5015.000000000000,0.939461
5016.000000000000,0.956048
5017.000000000000,0.954303
5018.000000000000,0.939427
5019.000000000000,0.944566
5020.000000000000,0.961844
5021.000000000000,0.964632
5022.000000000000,0.955811
5023.000000000000,0.959598
5024.000000000000,0.973074
5025.000000000000,0.978322
5026.000000000000,0.977669
5027.000000000000,0.972662
5028.000000000000,0.972380
5029.000000000000,0.980754
5030.000000000000,0.985710
5031.000000000000,0.986942
5032.000000000000,0.990950
5033.000000000000,0.992939
5034.000000000000,0.983584
5035.000000000000,0.961856
5036.000000000000,0.951160
5037.000000000000,0.963032
5038.000000000000,0.969664
5039.000000000000,0.959222
5040.000000000000,0.934517
5041.000000000000,0.909095
5042.000000000000,0.921436
5043.000000000000,0.960197
5044.000000000000,0.982115
5045.000000000000,0.989906
5046.000000000000,0.993612
5047.000000000000,0.989756
5048.000000000000,0.976084
5049.000000000000,0.959215
5050.000000000000,0.951371
5051.000000000000,0.952519
5052.000000000000,0.961746
5053.000000000000,0.979727
5054.000000000000,0.990816
5055.000000000000,0.992816
5056.000000000000,0.992444
5057.000000000000,0.992589
5058.000000000000,0.992763
5059.000000000000,0.991673
5060.000000000000,0.990814
5061.000000000000,0.991997
5062.000000000000,0.991979
5063.000000000000,0.984776
5064.000000000000,0.965214
5065.000000000000,0.953105
5066.000000000000,0.966014
5067.000000000000,0.976047
5068.000000000000,0.969473
5069.000000000000,0.966957
5070.000000000000,0.977615
5071.000000000000,0.982116
5072.000000000000,0.977439
5073.000000000000,0.976135
5074.000000000000,0.975069
5075.000000000000,0.972982
5076.000000000000,0.977663
5077.000000000000,0.981967
5078.000000000000,0.970673
5079.000000000000,0.943727
5080.000000000000,0.929223
5081.000000000000,0.939584
5082.000000000000,0.954890
5083.000000000000,0.958114
5084.000000000000,0.964408
5085.000000000000,0.979136
5086.000000000000,0.987284
5087.000000000000,0.987271
5088.000000000000,0.986962
5089.000000000000,0.987239
5090.000000000000,0.984398
5091.000000000000,0.982881
5092.000000000000,0.987500
5093.000000000000,0.991888
5094.000000000000,0.991839
5095.000000000000,0.988051
5096.000000000000,0.980078
5097.000000000000,0.969175
5098.000000000000,0.957520
5099.000000000000,0.952598
5100.000000000000,0.964195
5101.000000000000,0.980054
5102.000000000000,0.987746
5103.000000000000,0.988304
5104.000000000000,0.986006
5105.000000000000,0.980785
5106.000000000000,0.970145
5107.000000000000,0.954030
5108.000000000000,0.952018
5109.000000000000,0.961770
5110.000000000000,0.961204
5111.000000000000,0.967279
5112.000000000000,0.981851
5113.000000000000,0.988127
5114.000000000000,0.987819
5115.000000000000,0.985442
5116.000000000000,0.985481
5117.000000000000,0.989197
5118.000000000000,0.991465
5119.000000000000,0.990559
5120.000000000000,0.987210
5121.000000000000,0.983111
5122.000000000000,0.978960
5123.000000000000,0.969380
5124.000000000000,0.958168
5125.000000000000,0.954379
5126.000000000000,0.955641
5127.000000000000,0.957299
5128.000000000000,0.961818
5129.000000000000,0.966379
5130.000000000000,0.971680
5131.000000000000,0.975821
5132.000000000000,0.973174
5133.000000000000,0.962998
5134.000000000000,0.961386
5135.000000000000,0.974835
5136.000000000000,0.977087
5137.000000000000,0.963921
5138.000000000000,0.943494
5139.000000000000,0.919655
5140.000000000000,0.927392
5141.000000000000,0.947389
5142.000000000000,0.939718
5143.000000000000,0.939814
5144.000000000000,0.962221
5145.000000000000,0.973363
5146.000000000000,0.969406
5147.000000000000,0.964057
5148.000000000000,0.963111
5149.000000000000,0.968453
5150.000000000000,0.966695
5151.000000000000,0.958467
5152.000000000000,0.960533
5153.000000000000,0.967535
5154.000000000000,0.969472
5155.000000000000,0.971222
5156.000000000000,0.976405
5157.000000000000,0.983236
5158.000000000000,0.985864
5159.000000000000,0.984928
5160.000000000000,0.984070
5161.000000000000,0.977378
5162.000000000000,0.965648
5163.000000000000,0.963362
5164.000000000000,0.958212
5165.000000000000,0.925764
5166.000000000000,0.857115
5167.000000000000,0.782501
5168.000000000000,0.785691
5169.000000000000,0.852766
5170.000000000000,0.895838
5171.000000000000,0.848407
5172.000000000000,0.740888
5173.000000000000,0.724303
5174.000000000000,0.833077
5175.000000000000,0.932766
5176.000000000000,0.969191
5177.000000000000,0.977460
5178.000000000000,0.980511
5179.000000000000,0.979114
5180.000000000000,0.969879
5181.000000000000,0.938273
5182.000000000000,0.848931
5183.000000000000,0.721832
5184.000000000000,0.701417
5185.000000000000,0.815203
5186.000000000000,0.917954
5187.000000000000,0.955177
5188.000000000000,0.951171
5189.000000000000,0.947271
5190.000000000000,0.953038
5191.000000000000,0.932875
5192.000000000000,0.909038
5193.000000000000,0.922860
5194.000000000000,0.941883
5195.000000000000,0.938816
5196.000000000000,0.946149
5197.000000000000,0.962691
5198.000000000000,0.969515
5199.000000000000,0.975939
5200.000000000000,0.983591
5201.000000000000,0.980754
5202.000000000000,0.969047
5203.000000000000,0.958375
5204.000000000000,0.939158
5205.000000000000,0.920709
5206.000000000000,0.922996
5207.000000000000,0.930922
5208.000000000000,0.919152
5209.000000000000,0.922545
5210.000000000000,0.949967
5211.000000000000,0.972204
5212.000000000000,0.987233
5213.000000000000,0.992213
5214.000000000000,0.982681
5215.000000000000,0.961909
5216.000000000000,0.948165
5217.000000000000,0.952631
5218.000000000000,0.969839
5219.000000000000,0.986228
5220.000000000000,0.993116
5221.000000000000,0.994331
5222.000000000000,0.993293
5223.000000000000,0.989861
5224.000000000000,0.982284
5225.000000000000,0.961457
5226.000000000000,0.915348
5227.000000000000,0.885243
5228.000000000000,0.919215
5229.000000000000,0.956811
5230.000000000000,0.966928
5231.000000000000,0.969689
5232.000000000000,0.950121
5233.000000000000,0.930065
5234.000000000000,0.945460
5235.000000000000,0.968528
5236.000000000000,0.982798
5237.000000000000,0.990810
5238.000000000000,0.993970
5239.000000000000,0.994739
5240.000000000000,0.994673
5241.000000000000,0.992785
5242.000000000000,0.987561
5243.000000000000,0.986008
5244.000000000000,0.989117
5245.000000000000,0.988655
5246.000000000000,0.984444
5247.000000000000,0.981525
5248.000000000000,0.984240
5249.000000000000,0.986333
5250.000000000000,0.980936
5251.000000000000,0.980718
5252.000000000000,0.987247
5253.000000000000,0.987959
5254.000000000000,0.984404
5255.000000000000,0.983258
5256.000000000000,0.988456
5257.000000000000,0.994384
5258.000000000000,0.994742
5259.000000000000,0.991565
5260.000000000000,0.985223
5261.000000000000,0.967128
5262.000000000000,0.943333
5263.000000000000,0.930249
5264.000000000000,0.924051
5265.000000000000,0.916640
5266.000000000000,0.912589
5267.000000000000,0.930290
5268.000000000000,0.934094
5269.000000000000,0.883858
5270.000000000000,0.854368
5271.000000000000,0.904141
5272.000000000000,0.953608
5273.000000000000,0.960563
5274.000000000000,0.964319
5275.000000000000,0.967627
5276.000000000000,0.967743
5277.000000000000,0.980033
5278.000000000000,0.992549
5279.000000000000,0.994759
5280.000000000000,0.987298
5281.000000000000,0.971492
5282.000000000000,0.957069
5283.000000000000,0.950072
5284.000000000000,0.956562
5285.000000000000,0.978815
5286.000000000000,0.994163
5287.000000000000,0.996990
5288.000000000000,0.995267
5289.000000000000,0.995278
5290.000000000000,0.997534
5291.000000000000,0.998470
5292.000000000000,0.997390
5293.000000000000,0.996190
5294.000000000000,0.995647
5295.000000000000,0.992378
5296.000000000000,0.981099
5297.000000000000,0.965284
5298.000000000000,0.959812
5299.000000000000,0.972423
5300.000000000000,0.984629
5301.000000000000,0.980763
5302.000000000000,0.972067
5303.000000000000,0.978057
5304.000000000000,0.991618
5305.000000000000,0.996849
5306.000000000000,0.993711
5307.000000000000,0.987727
5308.000000000000,0.988592
5309.000000000000,0.994788
5310.000000000000,0.998164
5311.000000000000,0.998729
5312.000000000000,0.998242
5313.000000000000,0.997273
5314.000000000000,0.996194
5315.000000000000,0.991042
5316.000000000000,0.979744
5317.000000000000,0.977296
5318.000000000000,0.988000
5319.000000000000,0.995110
5320.000000000000,0.995283
5321.000000000000,0.992292
5322.000000000000,0.985708
5323.000000000000,0.967431
5324.000000000000,0.947189
5325.000000000000,0.955594
5326.000000000000,0.965529
5327.000000000000,0.930588
5328.000000000000,0.884141
5329.000000000000,0.905186
5330.000000000000,0.960883
5331.000000000000,0.986992
5332.000000000000,0.986629
5333.000000000000,0.983140
5334.000000000000,0.988440
5335.000000000000,0.992452
5336.000000000000,0.989008
5337.000000000000,0.986202
5338.000000000000,0.985886
5339.000000000000,0.972431
5340.000000000000,0.951277
5341.000000000000,0.951701
5342.000000000000,0.974013
5343.000000000000,0.991143
5344.000000000000,0.992804
5345.000000000000,0.983581
5346.000000000000,0.977688
5347.000000000000,0.979925
5348.000000000000,0.974835
5349.000000000000,0.968712
5350.000000000000,0.976576
5351.000000000000,0.989593
5352.000000000000,0.992822
5353.000000000000,0.989505
5354.000000000000,0.990880
5355.000000000000,0.996240
5356.000000000000,0.998886
5357.000000000000,0.999225
5358.000000000000,0.999023
5359.000000000000,0.998762
5360.000000000000,0.998295
5361.000000000000,0.996349
5362.000000000000,0.991977
5363.000000000000,0.985726
5364.000000000000,0.974359
5365.000000000000,0.963958
5366.000000000000,0.965359
5367.000000000000,0.964764
5368.000000000000,0.964953
5369.000000000000,0.960284
5370.000000000000,0.937828
5371.000000000000,0.918984
5372.000000000000,0.933922
5373.000000000000,0.969922
5374.000000000000,0.989860
5375.000000000000,0.996231
5376.000000000000,0.997937
5377.000000000000,0.997267
5378.000000000000,0.995807
5379.000000000000,0.993129
5380.000000000000,0.989364
5381.000000000000,0.985085
5382.000000000000,0.974160
5383.000000000000,0.959016
5384.000000000000,0.965461
5385.000000000000,0.985984
5386.000000000000,0.995286
5387.000000000000,0.995951
5388.000000000000,0.993603
5389.000000000000,0.989175
5390.000000000000,0.987230
5391.000000000000,0.985595
5392.000000000000,0.977201
5393.000000000000,0.968457
5394.000000000000,0.973912
5395.000000000000,0.980703
5396.000000000000,0.966752
5397.000000000000,0.947498
5398.000000000000,0.957635
5399.000000000000,0.977524
5400.000000000000,0.981507
5401.000000000000,0.983046
5402.000000000000,0.984285
5403.000000000000,0.966066
5404.000000000000,0.936811
5405.000000000000,0.924799
5406.000000000000,0.937326
5407.000000000000,0.966746
5408.000000000000,0.981791
5409.000000000000,0.970396
5410.000000000000,0.953959
5411.000000000000,0.958263
5412.000000000000,0.978157
5413.000000000000,0.987891
5414.000000000000,0.976922
5415.000000000000,0.962095
5416.000000000000,0.970596
5417.000000000000,0.987929
5418.000000000000,0.992905
5419.000000000000,0.992168
5420.000000000000,0.992850
5421.000000000000,0.994044
5422.000000000000,0.991315
5423.000000000000,0.976763
5424.000000000000,0.962370
5425.000000000000,0.971778
5426.000000000000,0.989154